{"labels": [9, 9, 9, 10], "scores": [0.9819876551628113, 0.9629176259040833, 0.7410668730735779, 0.060327112674713135], "bboxes": [[945.7069702148438, 200.7762908935547, 1496.5380859375, 1019.8543701171875], [118.89744567871094, 78.54544067382812, 1454.4683837890625, 1054.0], [270.12359619140625, 32.74386215209961, 931.3331909179688, 1054.0], [178.16578674316406, 51.63922119140625, 1022.3408203125, 1054.0]]}