{"labels": [0, 0, 0, 1, 1, 1, 1, 1, 0, 1, 1, 1, 1, 1, 1, 1, 1, 0, 0, 0, 1, 1, 1, 1, 1, 1, 1, 1, 1, 1, 0, 1, 1, 1, 17, 1, 1, 0, 1, 0, 1, 1, 1, 0, 0, 1, 1, 1, 0, 1, 1, 1, 0, 1, 1, 1, 1, 1, 1, 0, 1, 1, 1, 0, 0, 1, 0, 1, 1, 0, 17, 1, 0, 1, 1, 0, 1, 1, 1, 1, 0, 1, 1, 0, 1, 1], "scores": [0.9979066848754883, 0.9964466691017151, 0.9684686064720154, 0.9108163714408875, 0.8912017941474915, 0.8879422545433044, 0.785218358039856, 0.7627134919166565, 0.753452718257904, 0.7021040916442871, 0.6904374361038208, 0.6763632893562317, 0.6729387640953064, 0.6672003269195557, 0.6580529808998108, 0.6524270176887512, 0.6464345455169678, 0.5987048149108887, 0.590132474899292, 0.5604905486106873, 0.5413718819618225, 0.502991259098053, 0.48561862111091614, 0.4797433018684387, 0.45442384481430054, 0.4268891215324402, 0.41617563366889954, 0.4100380539894104, 0.4044758379459381, 0.3974378705024719, 0.3751113712787628, 0.34996965527534485, 0.3317101001739502, 0.3284260630607605, 0.32643577456474304, 0.3053619861602783, 0.30397316813468933, 0.30170106887817383, 0.299498587846756, 0.297875314950943, 0.29103532433509827, 0.2902006506919861, 0.28779661655426025, 0.28048983216285706, 0.27056965231895447, 0.26315370202064514, 0.22868011891841888, 0.2244379073381424, 0.21987998485565186, 0.20139563083648682, 0.19365474581718445, 0.18983547389507294, 0.16992801427841187, 0.16532737016677856, 0.16019299626350403, 0.15363173186779022, 0.14637354016304016, 0.14169847965240479, 0.13267473876476288, 0.13249441981315613, 0.1276702731847763, 0.12593676149845123, 0.12215140461921692, 0.1116107627749443, 0.10439286381006241, 0.10130908340215683, 0.09514427930116653, 0.0930531919002533, 0.09277357161045074, 0.09239125996828079, 0.09023698419332504, 0.08763878792524338, 0.08658178895711899, 0.07906919717788696, 0.0750243067741394, 0.07311578094959259, 0.07158704847097397, 0.06912267208099365, 0.06709632277488708, 0.06628607213497162, 0.06359593570232391, 0.062209587544202805, 0.06062738969922066, 0.06055806949734688, 0.05911312997341156, 0.05653233826160431], "bboxes": [[0.0, 2604.73095703125, 1203.054931640625, 3219.8603515625], [3382.791748046875, 2608.903076171875, 4724.20751953125, 3142.555908203125], [3469.230712890625, 2483.322265625, 3775.31689453125, 2719.02197265625], [4741.61328125, 2517.689208984375, 4960.75634765625, 2871.55419921875], [2324.58837890625, 2526.772216796875, 2505.615478515625, 2915.405517578125], [2886.01416015625, 2567.881103515625, 3076.478515625, 2953.61767578125], [1691.7474365234375, 2521.489990234375, 1839.4576416015625, 2890.364501953125], [4745.2880859375, 2537.57666015625, 4864.1953125, 2818.45166015625], [3196.461669921875, 2392.043212890625, 3787.6064453125, 2715.580810546875], [4815.9091796875, 2535.275390625, 4941.3515625, 2836.98681640625], [3075.291015625, 2544.322509765625, 3249.0654296875, 2946.918701171875], [2891.581298828125, 2544.1865234375, 3270.319091796875, 2954.70947265625], [1114.4449462890625, 2514.701416015625, 1269.072265625, 2909.4990234375], [5240.25732421875, 2526.18701171875, 5385.17822265625, 2891.00927734375], [2299.71728515625, 2519.839111328125, 2683.76025390625, 2915.376220703125], [1456.3704833984375, 2483.778564453125, 1592.9464111328125, 2842.120361328125], [4782.759765625, 2515.409912109375, 4886.9560546875, 2875.54931640625], [3212.60009765625, 2345.645751953125, 3551.330322265625, 2665.606689453125], [2556.489501953125, 2397.619873046875, 2848.78955078125, 2567.0048828125], [1869.7171630859375, 2536.998291015625, 2184.0361328125, 2779.4228515625], [1413.2606201171875, 2487.87060546875, 1511.3140869140625, 2834.994384765625], [5170.541015625, 2546.158447265625, 5346.4423828125, 2914.022705078125], [1357.1234130859375, 2482.217529296875, 1569.4825439453125, 2826.824462890625], [1028.7667236328125, 2537.325439453125, 1175.656494140625, 2724.605712890625], [4876.09716796875, 2541.90771484375, 4989.58544921875, 2832.08154296875], [2489.52734375, 2536.561767578125, 2682.675537109375, 2922.291259765625], [1034.501220703125, 2520.35498046875, 1217.60107421875, 2934.225830078125], [1118.6724853515625, 2519.55908203125, 1215.276611328125, 2812.190673828125], [1622.7152099609375, 2538.8349609375, 2102.82275390625, 2864.6455078125], [3865.890869140625, 2447.63330078125, 3966.8720703125, 2646.8798828125], [1687.229248046875, 2525.945556640625, 2257.718505859375, 2796.2509765625], [1755.9287109375, 2536.734375, 1944.319091796875, 2872.85791015625], [1912.33349609375, 2553.61328125, 2010.0660400390625, 2862.816162109375], [1045.5426025390625, 2506.089599609375, 1241.605712890625, 2764.3095703125], [3200.557861328125, 2303.013916015625, 3572.94775390625, 2635.0107421875], [1786.99658203125, 2536.3056640625, 1875.897216796875, 2891.42333984375], [1080.8377685546875, 2531.85400390625, 1182.7269287109375, 2787.081298828125], [3673.793701171875, 2582.5302734375, 4795.12255859375, 2966.611083984375], [1178.0328369140625, 2480.478271484375, 1292.7305908203125, 2928.002685546875], [2040.7176513671875, 2518.37158203125, 2164.75537109375, 2760.05224609375], [1013.9832153320312, 2512.0849609375, 1102.2398681640625, 2747.570556640625], [1387.35595703125, 2487.329345703125, 1474.99072265625, 2811.703369140625], [3914.671630859375, 2448.217041015625, 4026.45361328125, 2649.223388671875], [1948.9552001953125, 2532.513427734375, 2070.0458984375, 2796.01416015625], [2003.2315673828125, 2526.7080078125, 2126.841796875, 2775.3427734375], [1816.0592041015625, 2543.7578125, 2011.853515625, 2871.603515625], [1534.6151123046875, 2471.664306640625, 1612.68505859375, 2817.582763671875], [1167.8272705078125, 2505.510009765625, 1258.1065673828125, 2826.82080078125], [1982.7899169921875, 2514.574462890625, 2277.510986328125, 2724.5576171875], [1344.1553955078125, 2440.48291015625, 1426.281005859375, 2772.023193359375], [4919.01953125, 2544.4892578125, 5012.75146484375, 2814.75146484375], [1826.397216796875, 2539.5048828125, 1908.5479736328125, 2872.91357421875], [2094.273193359375, 2509.44677734375, 2201.145263671875, 2733.0478515625], [1883.116455078125, 2540.8369140625, 2094.454833984375, 2842.962158203125], [1648.5765380859375, 2493.77587890625, 1788.217041015625, 2861.010986328125], [3836.7001953125, 2451.505126953125, 3932.679443359375, 2673.54296875], [3950.989990234375, 2449.031494140625, 4063.90625, 2628.635986328125], [982.5988159179688, 2445.70263671875, 1271.1103515625, 3055.07861328125], [1884.809814453125, 2554.083251953125, 1974.087646484375, 2855.258544921875], [3423.71240234375, 2382.90185546875, 3668.164794921875, 2741.72314453125], [5136.2021484375, 2559.258544921875, 5267.78173828125, 2880.908447265625], [3798.144287109375, 2483.969970703125, 3986.661376953125, 2699.35009765625], [3861.9169921875, 2482.357666015625, 4043.95654296875, 2689.331787109375], [3499.83544921875, 2451.64599609375, 3660.55517578125, 2717.984375], [1850.00830078125, 2539.12646484375, 2063.0009765625, 2837.46142578125], [3973.20166015625, 2466.60791015625, 4107.44140625, 2599.560546875], [2107.773193359375, 2523.3173828125, 2258.591064453125, 2704.343017578125], [1952.215087890625, 2538.966796875, 2056.13818359375, 2828.259033203125], [2421.634765625, 2524.344970703125, 2580.47216796875, 2946.534423828125], [5147.20703125, 2839.479248046875, 5382.13525390625, 3094.86279296875], [3157.8310546875, 2289.283447265625, 3861.512939453125, 2666.595947265625], [2278.06982421875, 2510.17138671875, 2427.588134765625, 2884.294921875], [3419.7958984375, 2427.843017578125, 3867.931396484375, 2772.25537109375], [984.1069946289062, 2519.044189453125, 1066.6317138671875, 2734.255615234375], [3090.538330078125, 2418.44091796875, 3305.251953125, 2995.82568359375], [2169.60986328125, 2509.169677734375, 2272.361328125, 2689.374755859375], [1786.10595703125, 2515.1259765625, 2238.80615234375, 2787.56689453125], [1590.322998046875, 2458.624267578125, 1708.44921875, 2830.796630859375], [1001.8652954101562, 2552.02490234375, 1080.4320068359375, 2794.33544921875], [1378.5347900390625, 