{"labels": [10, 10, 10, 10, 10], "scores": [0.9922502040863037, 0.15596207976341248, 0.08320789039134979, 0.06610967963933945, 0.06472017616033554], "bboxes": [[51.825233459472656, 48.27860641479492, 432.8680114746094, 321.8914794921875], [22.13271713256836, 144.5803985595703, 548.579345703125, 400.35382080078125], [64.10517120361328, 135.3253936767578, 317.1789245605469, 385.0052795410156], [190.30462646484375, 63.66567611694336, 488.5065612792969, 283.296875], [13.134496688842773, 146.75454711914062, 391.5838623046875, 297.4712219238281]]}